2014 rank,City,State,City_State,2014 estimate,2010 Census,Change,Change Rank,2014 land area,2010 population density
297,Woodbridge,New Jersey,"Woodbridge,New Jersey","100,824","99,585",1.24%,1,24.5 sq mi; 63.5 km2,"4,290.0 per sq mi; 1656 km−2"
296,South Bend,Indiana,"South Bend,Indiana","101,190","101,168",0.02%,1,41.5 sq mi; 107.4 km2,"2,440 per sq mi; 942 km−2"
295,Las Cruces,New Mexico,"Las Cruces,New Mexico","101,408","97,618",3.88%,1,76.3 sq mi; 197.6 km2,"1,279 per sq mi; 494 km−2"
294,Tyler,Texas,"Tyler,Texas","101,421","96,900",4.67%,1,54.4 sq mi; 140.8 km2,"1,782 per sq mi; 688 km−2"
293,Sandy Springs,Georgia,"Sandy Springs,Georgia","101,908","93,853",8.58%,1,39.0 sq mi; 101.0 km2,"2,613.0 per sq mi; 1009 km−2"
292,Edison,New Jersey,"Edison,New Jersey","101,970","99,967",2.00%,1,30.6 sq mi; 79.4 km2,"3,339.0 per sq mi; 1289 km−2"
291,Clovis,California,"Clovis,California","102,189","95,631",6.86%,1,23.3 sq mi; 60.3 km2,"4,386 per sq mi; 1,695 km−2"
290,Lakeland,Florida,"Lakeland,Florida","102,346","97,422",5.05%,1,74.4 sq mi; 193.0 km2,"1,711 per sq mi; 661 km−2"
289,Davenport,Iowa,"Davenport,Iowa","102,448","99,685",2.77%,1,62.9 sq mi; 163.0 km2,"1,584 per sq mi; 611 km−2"
288,Rialto,California,"Rialto,California","102,741","99,171",3.60%,1,22.4 sq mi; 57.9 km2,"4,437 per sq mi; 1,713 km−2"
287,Lewisville,Texas,"Lewisville,Texas","102,889","95,290",7.97%,1,42.5 sq mi; 110.0 km2,"2,618 per sq mi; 1,011 km−2"
286,San Mateo,California,"San Mateo,California","102,893","97,207",5.85%,1,15.9 sq mi; 41.1 km2,"8,014 per sq mi; 3,094 km−2"
285,El Cajon,California,"El Cajon,California","103,091","99,478",3.63%,1,14.4 sq mi; 37.4 km2,"6,892 per sq mi; 2,661 km−2"
284,Santa Maria,California,"Santa Maria,California","103,410","99,553",3.87%,1,22.8 sq mi; 58.9 km2,"4,375 per sq mi; 1,689 km−2"
283,Pearland,Texas,"Pearland,Texas","103,441","91,252",13.36%,2,47.5 sq mi; 122.9 km2,"1,900 per sq mi; 740 km−2"
282,College Station,Texas,"College Station,Texas","103,483","93,857",10.26%,2,49.6 sq mi; 128.5 km2,"1,978 per sq mi; 764 km−2"
281,West Palm Beach,Florida,"West Palm Beach,Florida","104,031","99,919",4.12%,1,55.3 sq mi; 143.2 km2,"1,807 per sq mi; 698 km−2"
280,Broken Arrow,Oklahoma,"Broken Arrow,Oklahoma","104,726","98,850",5.94%,1,61.6 sq mi; 159.5 km2,"1,605 per sq mi; 620 km−2"
279,Green Bay,Wisconsin,"Green Bay,Wisconsin","104,891","104,057",0.80%,1,45.5 sq mi; 117.8 km2,"2,289 per sq mi; 884 km−2"
278,Boulder,Colorado,"Boulder,Colorado","105,112","97,385",7.93%,1,25.7 sq mi; 66.5 km2,"3,947 per sq mi; 1,524 km−2"
277,Wichita Falls,Texas,"Wichita Falls,Texas","105,114","104,553",0.54%,1,72.1 sq mi; 186.8 km2,"1,449 per sq mi; 560 km−2"
276,Burbank,California,"Burbank,California","105,368","103,340",1.96%,1,17.3 sq mi; 44.9 km2,"5,959 per sq mi; 2,301 km−2"
275,Palm Bay,Florida,"Palm Bay,Florida","105,838","103,190",2.57%,1,65.7 sq mi; 170.2 km2,"1,571 per sq mi; 606 km−2"
274,Daly City,California,"Daly City,California","106,094","101,123",4.92%,1,7.7 sq mi; 19.8 km2,"13,195 per sq mi; 5,095 km−2"
273,Pompano Beach,Florida,"Pompano Beach,Florida","106,105","99,845",6.27%,1,24.0 sq mi; 62.2 km2,"4,160 per sq mi; 1,606 km−2"
272,Everett,Washington,"Everett,Washington","106,736","103,019",3.61%,1,33.4 sq mi; 86.6 km2,"3,080 per sq mi; 1,189 km−2"
271,North Charleston,South Carolina,"North Charleston,South Carolina","106,749","97,471",9.52%,1,76.6 sq mi; 119.5 km2,"1,393 per sq mi; 538 km−2"
270,Norwalk,California,"Norwalk,California","107,096","105,549",1.47%,1,9.7 sq mi; 25.1 km2,"10,873 per sq mi; 4,198 km−2"
269,Centennial,Colorado,"Centennial,Colorado","107,201","100,377",6.80%,1,28.7 sq mi; 74.4 km2,"3,495 per sq mi; 1,349 km−2"
268,Murrieta,California,"Murrieta,California","108,368","103,466",4.74%,1,33.6 sq mi; 87.0 km2,"3,081 per sq mi; 1,190 km−2"
267,Pueblo,Colorado,"Pueblo,Colorado","108,423","106,595",1.71%,1,53.6 sq mi; 138.9 km2,"1,987 per sq mi; 767 km−2"
266,West Covina,California,"West Covina,California","108,455","106,098",2.22%,1,16.0 sq mi; 41.5 km2,"6,614 per sq mi; 2,554 km−2"
265,Richmond,California,"Richmond,California","108,565","103,701",4.69%,1,30.1 sq mi; 77.9 km2,"3,449 per sq mi; 1,332 km−2"
264,Richardson,Texas,"Richardson,Texas","108,617","99,223",9.47%,1,28.6 sq mi; 74.0 km2,"3,474 per sq mi; 1,341 km−2"
263,High Point,North Carolina,"High Point,North Carolina","108,629","104,371",4.08%,1,53.8 sq mi; 139.3 km2,"1,940 per sq mi; 749 km−2"
262,Billings,Montana,"Billings,Montana","108,869","104,170",4.51%,1,43.4 sq mi; 112.4 km2,"2,399 per sq mi; 926 km−2"
261,Antioch,California,"Antioch,California","108,930","102,372",6.41%,1,28.3 sq mi; 73.4 km2,"3,611 per sq mi; 1,394 km−2"
260,Waterbury,Connecticut,"Waterbury,Connecticut","109,307","110,366",-0.96%,0,28.5 sq mi; 73.9 km2,"3,870 per sq mi; 1,494 km−2"
259,Temecula,California,"Temecula,California","109,428","100,097",9.32%,1,30.2 sq mi; 78.1 km2,"3,320 per sq mi; 1,282 km−2"
258,Ventura,California,"Ventura,California","109,484","106,433",2.87%,1,21.7 sq mi; 56.1 km2,"4,915 per sq mi; 1,898 km−2"
257,Cambridge,Massachusetts,"Cambridge,Massachusetts","109,694","105,162",4.31%,1,6.4 sq mi; 16.5 km2,"16,469 per sq mi; 6,359 km−2"
256,Gresham,Oregon,"Gresham,Oregon","109,892","105,594",4.07%,1,23.2 sq mi; 60.1 km2,"4,551 per sq mi; 1,757 km−2"
255,Lowell,Massachusetts,"Lowell,Massachusetts","109,945","106,519",3.22%,1,13.6 sq mi; 35.2 km2,"7,842 per sq mi; 3,028 km−2"
254,Manchester,New Hampshire,"Manchester,New Hampshire","110,448","109,565",0.81%,1,33.1 sq mi; 85.7 km2,"3,310 per sq mi; 1,278 km−2"
253,Clearwater,Florida,"Clearwater,Florida","110,703","107,685",2.80%,1,25.6 sq mi; 66.2 km2,"4,213 per sq mi; 1,627 km−2"
252,West Jordan,Utah,"West Jordan,Utah","110,920","103,712",6.95%,1,32.5 sq mi; 84.1 km2,"3,195 per sq mi; 1,234 km−2"
251,Elgin,Illinois,"Elgin,Illinois","111,117","108,188",2.71%,1,37.2 sq mi; 96.3 km2,"2,911 per sq mi; 1,124 km−2"
250,Fairfield,California,"Fairfield,California","111,125","105,321",5.51%,1,37.4 sq mi; 96.8 km2,"2,817 per sq mi; 1,088 km−2"
249,Rochester,Minnesota,"Rochester,Minnesota","111,402","106,769",4.34%,1,54.6 sq mi; 141.4 km2,"1,956 per sq mi; 755 km−2"
248,Inglewood,California,"Inglewood,California","111,905","109,673",2.04%,1,9.1 sq mi; 23.5 km2,"12,095 per sq mi; 4,670 km−2"
247,Westminster,Colorado,"Westminster,Colorado","112,090","106,114",5.63%,1,31.6 sq mi; 81.7 km2,"3,363 per sq mi; 1,299 km−2"
246,Miami Gardens,Florida,"Miami Gardens,Florida","112,265","107,167",4.76%,1,18.2 sq mi; 47.2 km2,"5,878 per sq mi; 2,270 km−2"
245,Carlsbad,California,"Carlsbad,California","112,299","105,328",6.62%,1,37.7 sq mi; 97.7 km2,"2,792 per sq mi; 1,078 km−2"
244,Round Rock,Texas,"Round Rock,Texas","112,744","99,887",12.87%,2,34.1 sq mi; 88.4 km2,"2,928 per sq mi; 1,131 km−2"
243,Costa Mesa,California,"Costa Mesa,California","112,784","109,960",2.57%,1,15.7 sq mi; 40.5 km2,"7,025 per sq mi; 2,712 km−2"
242,Arvada,Colorado,"Arvada,Colorado","113,574","106,433",6.71%,1,35.1 sq mi; 91.0 km2,"3,029 per sq mi; 1,169 km−2"
241,Wilmington,North Carolina,"Wilmington,North Carolina","113,657","106,476",6.74%,1,51.5 sq mi; 133.4 km2,"2,068 per sq mi; 798 km−2"
240,Downey,California,"Downey,California","114,172","111,772",2.15%,1,12.4 sq mi; 32.1 km2,"9,008 per sq mi; 3,478 km−2"
239,Odessa,Texas,"Odessa,Texas","114,597","99,940",14.67%,2,42.0 sq mi; 108.7 km2,"2,382 per sq mi; 920 km−2"
238,Lansing,Michigan,"Lansing,Michigan","114,620","114,297",0.28%,1,36.0 sq mi; 93.4 km2,"3,171 per sq mi; 1,224 km−2"
237,Provo,Utah,"Provo,Utah","114,801","112,488",2.06%,1,41.7 sq mi; 107.9 km2,"2,699 per sq mi; 1,042 km−2"
236,Peoria,Illinois,"Peoria,Illinois","115,828","115,007",0.71%,1,48.0 sq mi; 124.3 km2,"2,396 per sq mi; 925 km−2"
235,Fargo,North Dakota,"Fargo,North Dakota","115,863","105,549",9.77%,1,48.8 sq mi; 126.4 km2,"2,162 per sq mi; 835 km−2"
234,El Monte,California,"El Monte,California","116,631","113,475",2.78%,1,9.6 sq mi; 24.8 km2,"11,867 per sq mi; 4,582 km−2"
233,Springfield,Illinois,"Springfield,Illinois","116,809","116,250",0.48%,1,59.5 sq mi; 154.1 km2,"1,954 per sq mi; 755 km−2"
232,Columbia,Missouri,"Columbia,Missouri","116,906","108,500",7.75%,1,63.1 sq mi; 163.4 km2,"1,720 per sq mi; 664 km−2"
231,Independence,Missouri,"Independence,Missouri","117,494","116,830",0.57%,1,77.6 sq mi; 200.9 km2,"1,506 per sq mi; 582 km−2"
230,Beaumont,Texas,"Beaumont,Texas","117,585","118,296",-0.60%,0,82.8 sq mi; 214.5 km2,"1,429 per sq mi; 552 km−2"
229,Ann Arbor,Michigan,"Ann Arbor,Michigan","117,770","113,934",3.37%,1,27.8 sq mi; 72.1 km2,"4,094 per sq mi; 1,581 km−2"
228,Norman,Oklahoma,"Norman,Oklahoma","118,040","110,925",6.41%,1,178.8 sq mi; 463.0 km2,621 per sq mi; 240 km−2
227,Berkeley,California,"Berkeley,California","118,853","112,580",5.57%,1,10.5 sq mi; 27.1 km2,"10,752 per sq mi; 4,152 km−2"
226,Allentown,Pennsylvania,"Allentown,Pennsylvania","119,104","118,032",0.91%,1,17.5 sq mi; 45.4 km2,"6,727 per sq mi; 2,597 km−2"
225,Athens,Georgia,"Athens,Georgia","119,648","115,452",3.63%,1,116.4 sq mi; 301.4 km2,992 per sq mi; 383 km−2
224,Vallejo,California,"Vallejo,California","120,228","115,942",3.70%,1,30.7 sq mi; 79.4 km2,"3,780 per sq mi; 1,460 km−2"
223,Evansville,Indiana,"Evansville,Indiana","120,346","117,429",2.48%,1,44.2 sq mi; 114.4 km2,"2,660 per sq mi; 1,027 km−2"
222,Murfreesboro,Tennessee,"Murfreesboro,Tennessee","120,954","108,755",11.22%,2,55.3 sq mi; 143.3 km2,"1,965 per sq mi; 759 km−2"
221,Abilene,Texas,"Abilene,Texas","120,958","117,063",3.33%,1,106.8 sq mi; 276.6 km2,"1,096 per sq mi; 423 km−2"
220,Victorville,California,"Victorville,California","121,901","115,903",5.18%,1,73.2 sq mi; 189.5 km2,"1,584 per sq mi; 612 km−2"
219,Santa Clara,California,"Santa Clara,California","122,192","116,468",4.91%,1,18.4 sq mi; 47.7 km2,"6,327 per sq mi; 2,443 km−2"
218,Hartford,Connecticut,"Hartford,Connecticut","124,705","124,775",-0.06%,0,17.4 sq mi; 45.0 km2,"7,179 per sq mi; 2,772 km−2"
217,Kent,Washington,"Kent,Washington","125,560","92,411",35.87%,2,28.6 sq mi; 74.1 km2,"3,228 per sq mi; 1,246 km−2"
216,Lafayette,Louisiana,"Lafayette,Louisiana","126,066","120,623",4.51%,1,49.2 sq mi; 127.5 km2,"2,450 per sq mi; 946 km−2"
215,Surprise,Arizona,"Surprise,Arizona","126,275","117,517",7.45%,1,105.7 sq mi; 273.9 km2,"1,111 per sq mi; 429 km−2"
214,Simi Valley,California,"Simi Valley,California","126,871","124,237",2.12%,1,41.5 sq mi; 107.4 km2,"2,995 per sq mi; 1,156 km−2"
213,Topeka,Kansas,"Topeka,Kansas","127,215","127,473",-0.20%,0,60.2 sq mi; 155.8 km2,"2,119 per sq mi; 818 km−2"
212,Concord,California,"Concord,California","127,522","122,067",4.47%,1,30.5 sq mi; 79.1 km2,"3,996 per sq mi; 1,543 km−2"
211,Coral Springs,Florida,"Coral Springs,Florida","127,952","121,096",5.66%,1,23.8 sq mi; 61.6 km2,"5,090 per sq mi; 1,965 km−2"
210,Midland,Texas,"Midland,Texas","128,037","111,147",15.20%,2,72.1 sq mi; 186.7 km2,"1,542 per sq mi; 595 km−2"
209,Denton,Texas,"Denton,Texas","128,205","113,383",13.07%,2,88.0 sq mi; 227.8 km2,"1,289 per sq mi; 498 km−2"
208,Stamford,Connecticut,"Stamford,Connecticut","128,278","122,643",4.59%,1,37.6 sq mi; 97.5 km2,"3,258 per sq mi; 1,258 km−2"
207,Carrollton,Texas,"Carrollton,Texas","128,353","119,097",7.77%,1,36.3 sq mi; 94.0 km2,"3,281 per sq mi; 1,267 km−2"
206,Gainesville,Florida,"Gainesville,Florida","128,460","124,354",3.30%,1,61.3 sq mi; 158.8 km2,"2,028 per sq mi; 783 km−2"
205,Roseville,California,"Roseville,California","128,615","118,788",8.27%,1,36.2 sq mi; 93.8 km2,"3,279 per sq mi; 1,266 km−2"
204,Elizabeth,New Jersey,"Elizabeth,New Jersey","128,705","124,969",2.99%,1,12.3 sq mi; 31.9 km2,"10,144 per sq mi; 3,917 km−2"
203,Cedar Rapids,Iowa,"Cedar Rapids,Iowa","129,195","126,326",2.27%,1,70.8 sq mi; 183.4 km2,"1,784 per sq mi; 689 km−2"
202,Visalia,California,"Visalia,California","129,281","124,442",3.89%,1,36.2 sq mi; 93.9 km2,"3,433 per sq mi; 1,326 km−2"
201,Thousand Oaks,California,"Thousand Oaks,California","129,342","126,683",2.10%,1,55.0 sq mi; 142.5 km2,"2,302 per sq mi; 889 km−2"
200,Charleston,South Carolina,"Charleston,South Carolina","130,113","120,083",8.35%,1,109.0 sq mi; 282.3 km2,"1,102 per sq mi; 425 km−2"
199,Waco,Texas,"Waco,Texas","130,194","124,805",4.32%,1,89.0 sq mi; 230.4 km2,"1,403 per sq mi; 542 km−2"
198,New Haven,Connecticut,"New Haven,Connecticut","130,282","129,779",0.39%,1,18.7 sq mi; 48.4 km2,"6,948 per sq mi; 2,683 km−2"
197,Thornton,Colorado,"Thornton,Colorado","130,307","118,772",9.71%,1,34.8 sq mi; 90.2 km2,"3,409 per sq mi; 1,316 km−2"
196,Sterling Heights,Michigan,"Sterling Heights,Michigan","131,741","129,699",1.57%,1,36.5 sq mi; 94.5 km2,"3,553 per sq mi; 1,372 km−2"
195,Columbia,South Carolina,"Columbia,South Carolina","132,067","129,272",2.16%,1,132.2 sq mi; 342.4 km2,978 per sq mi; 378 km−2
194,Olathe,Kansas,"Olathe,Kansas","133,062","125,872",5.71%,1,59.7 sq mi; 154.5 km2,"2,110 per sq mi; 815 km−2"
193,West Valley City,Utah,"West Valley City,Utah","134,495","129,480",3.87%,1,35.6 sq mi; 92.1 km2,"3,642 per sq mi; 1,406 km−2"
192,Miramar,Florida,"Miramar,Florida","134,989","122,041",10.61%,2,29.5 sq mi; 76.5 km2,"4,134 per sq mi; 1,596 km−2"
191,Warren,Michigan,"Warren,Michigan","135,099","134,056",0.78%,1,34.4 sq mi; 89.0 km2,"3,899 per sq mi; 1,505 km−2"
190,Bellevue,Washington,"Bellevue,Washington","136,426","122,363",11.49%,2,32.0 sq mi; 82.8 km2,"3,828 per sq mi; 1,478 km−2"
189,Hampton,Virginia,"Hampton,Virginia","136,879","137,436",-0.41%,0,51.4 sq mi; 133.2 km2,"2,673 per sq mi; 1,032 km−2"
188,Killeen,Texas,"Killeen,Texas","138,154","127,921",8.00%,1,53.6 sq mi; 138.8 km2,"2,387 per sq mi; 922 km−2"
187,McAllen,Texas,"McAllen,Texas","138,596","129,877",6.71%,1,48.3 sq mi; 125.2 km2,"2,687 per sq mi; 1,037 km−2"
186,Fullerton,California,"Fullerton,California","139,677","135,161",3.34%,1,22.4 sq mi; 57.9 km2,"6,047 per sq mi; 2,335 km−2"
185,Orange,California,"Orange,California","139,812","136,416",2.49%,1,24.8 sq mi; 64.2 km2,"5,501 per sq mi; 2,124 km−2"
184,Pasadena,California,"Pasadena,California","140,881","137,122",2.74%,1,23.0 sq mi; 59.5 km2,"5,970 per sq mi; 2,305 km−2"
183,Dayton,Ohio,"Dayton,Ohio","141,003","141,527",-0.37%,0,55.7 sq mi; 144.1 km2,"2,543 per sq mi; 982 km−2"
182,Syracuse,New York,"Syracuse,New York","144,263","145,170",-0.62%,0,25.0 sq mi; 64.9 km2,"5,797 per sq mi; 2,238 km−2"
181,Savannah,Georgia,"Savannah,Georgia","144,352","136,286",5.92%,1,103.2 sq mi; 267.2 km2,"1,321 per sq mi; 510 km−2"
180,Mesquite,Texas,"Mesquite,Texas","144,416","139,824",3.28%,1,46.0 sq mi; 119.2 km2,"3,038 per sq mi; 1,173 km−2"
179,Frisco,Texas,"Frisco,Texas","145,035","116,989",23.97%,1,61.8 sq mi; 160.1 km2,"1,893 per sq mi; 731 km−2"
178,Naperville,Illinois,"Naperville,Illinois","146,128","141,853",3.01%,1,38.8 sq mi; 100.4 km2,"3,659 per sq mi; 1,413 km−2"
177,Paterson,New Jersey,"Paterson,New Jersey","146,753","146,199",0.38%,1,8.4 sq mi; 21.8 km2,"17,346 per sq mi; 6,697 km−2"
176,Clarksville,Tennessee,"Clarksville,Tennessee","146,806","132,929",10.44%,2,97.6 sq mi; 252.8 km2,"1,362 per sq mi; 526 km−2"
175,Bridgeport,Connecticut,"Bridgeport,Connecticut","147,612","144,229",2.35%,1,16.0 sq mi; 41.4 km2,"9,029 per sq mi; 3,486 km−2"
174,Joliet,Illinois,"Joliet,Illinois","147,928","147,433",0.34%,1,62.1 sq mi; 160.9 km2,"2,374 per sq mi; 916 km−2"
173,Hollywood,Florida,"Hollywood,Florida","148,047","140,768",5.17%,1,27.4 sq mi; 70.9 km2,"5,144 per sq mi; 1,986 km−2"
172,Torrance,California,"Torrance,California","148,495","145,438",2.10%,1,20.5 sq mi; 53.0 km2,"7,102 per sq mi; 2,742 km−2"
171,Rockford,Illinois,"Rockford,Illinois","149,123","152,871",-2.45%,0,61.1 sq mi; 158.2 km2,"2,503 per sq mi; 966 km−2"
170,Kansas City,Kansas,"Kansas City,Kansas","149,636","145,786",2.64%,1,124.8 sq mi; 323.3 km2,"1,168 per sq mi; 451 km−2"
169,Lakewood,Colorado,"Lakewood,Colorado","149,643","142,980",4.66%,1,42.9 sq mi; 111.1 km2,"3,334 per sq mi; 1,287 km−2"
168,Sunnyvale,California,"Sunnyvale,California","149,980","140,081",7.07%,1,22.0 sq mi; 56.9 km2,"6,371 per sq mi; 2,460 km−2"
167,Escondido,California,"Escondido,California","150,243","143,911",4.40%,1,36.8 sq mi; 95.3 km2,"3,909 per sq mi; 1,509 km−2"
166,Alexandria,Virginia,"Alexandria,Virginia","150,575","139,966",7.58%,1,15.0 sq mi; 38.9 km2,"9,314 per sq mi; 3,596 km−2"
165,Pomona,California,"Pomona,California","153,350","149,058",2.88%,1,23.0 sq mi; 59.4 km2,"6,494 per sq mi; 2,508 km−2"
164,Macon,Georgia,"Macon,Georgia","153,691","91,351",68.24%,2,255.1 sq mi; 661 km2,614 per sq mi; 237 km−2
163,Pasadena,Texas,"Pasadena,Texas","153,887","149,043",3.25%,1,42.8 sq mi; 110.8 km2,"3,485 per sq mi; 1,346 km−2"
162,Springfield,Massachusetts,"Springfield,Massachusetts","153,991","153,060",0.61%,1,31.9 sq mi; 82.5 km2,"4,803 per sq mi; 1,855 km−2"
161,Hayward,California,"Hayward,California","154,612","144,186",7.23%,1,45.3 sq mi; 117.4 km2,"3,181 per sq mi; 1,228 km−2"
160,Cary,North Carolina,"Cary,North Carolina","155,227","135,234",14.78%,2,54.3 sq mi; 140.8 km2,"2,488 per sq mi; 961 km−2"
159,Fort Collins,Colorado,"Fort Collins,Colorado","156,480","143,986",8.68%,1,54.3 sq mi; 140.6 km2,"2,653 per sq mi; 1,024 km−2"
158,Salinas,California,"Salinas,California","156,677","150,441",4.15%,1,23.2 sq mi; 60.0 km2,"6,490 per sq mi; 2,506 km−2"
157,McKinney,Texas,"McKinney,Texas","156,767","131,117",19.56%,2,62.2 sq mi; 161.1 km2,"2,108 per sq mi; 814 km−2"
156,Palmdale,California,"Palmdale,California","158,279","152,750",3.62%,1,106.0 sq mi; 274.4 km2,"1,442 per sq mi; 557 km−2"
155,Eugene,Oregon,"Eugene,Oregon","160,561","156,185",2.80%,1,43.7 sq mi; 113.2 km2,"3,572 per sq mi; 1,379 km−2"
154,Lancaster,California,"Lancaster,California","161,043","156,633",2.82%,1,94.3 sq mi; 244.2 km2,"1,661 per sq mi; 641 km−2"
153,Corona,California,"Corona,California","161,486","152,374",5.98%,1,38.8 sq mi; 100.6 km2,"3,925 per sq mi; 1,515 km−2"
152,Salem,Oregon,"Salem,Oregon","161,637","154,637",4.53%,1,47.9 sq mi; 124.0 km2,"3,229 per sq mi; 1,247 km−2"
151,Elk Grove,California,"Elk Grove,California","163,553","153,015",6.89%,1,42.2 sq mi; 109.3 km2,"3,627 per sq mi; 1,400 km−2"
150,Pembroke Pines,Florida,"Pembroke Pines,Florida","164,626","154,019",6.89%,1,33.1 sq mi; 85.8 km2,"4,672 per sq mi; 1,804 km−2"
149,Springfield,Missouri,"Springfield,Missouri","165,378","159,498",3.69%,1,81.7 sq mi; 211.7 km2,"1,952 per sq mi; 754 km−2"
148,Peoria,Arizona,"Peoria,Arizona","166,934","154,065",8.35%,1,174.4 sq mi; 451.7 km2,883 per sq mi; 341 km−2
147,Sioux Falls,South Dakota,"Sioux Falls,South Dakota","168,586","153,888",9.55%,1,73.0 sq mi; 189.0 km2,"2,109 per sq mi; 814 km−2"
146,Ontario,California,"Ontario,California","169,089","163,924",3.15%,1,49.9 sq mi; 129.3 km2,"3,282 per sq mi; 1,267 km−2"
145,Vancouver,Washington,"Vancouver,Washington","169,294","161,791",4.64%,1,46.5 sq mi; 120.3 km2,"3,483 per sq mi; 1,345 km−2"
144,Cape Coral,Florida,"Cape Coral,Florida","169,854","154,305",10.08%,2,105.7 sq mi; 273.7 km2,"1,460 per sq mi; 564 km−2"
143,Jackson,Mississippi,"Jackson,Mississippi","171,155","173,514",-1.36%,0,111.0 sq mi; 287.6 km2,"1,563 per sq mi; 603 km−2"
142,Tempe,Arizona,"Tempe,Arizona","172,816","161,719",6.86%,1,39.9 sq mi; 103.4 km2,"4,050 per sq mi; 1,564 km−2"
141,Chattanooga,Tennessee,"Chattanooga,Tennessee","173,778","167,674",3.64%,1,137.2 sq mi; 355.2 km2,"1,223 per sq mi; 472 km−2"
140,Port St. Lucie,Florida,"Port St. Lucie,Florida","174,110","164,603",5.78%,1,114.0 sq mi; 295.1 km2,"1,444 per sq mi; 558 km−2"
139,Santa Rosa,California,"Santa Rosa,California","174,170","167,815",3.79%,1,41.3 sq mi; 107.0 km2,"4,064 per sq mi; 1,569 km−2"
138,Rancho Cucamonga,California,"Rancho Cucamonga,California","174,305","165,269",5.47%,1,39.9 sq mi; 103.2 km2,"4,147 per sq mi; 1,601 km−2"
137,Oceanside,California,"Oceanside,California","174,558","167,086",4.47%,1,41.2 sq mi; 106.8 km2,"4,052 per sq mi; 1,565 km−2"
136,Garden Grove,California,"Garden Grove,California","175,078","170,883",2.45%,1,17.9 sq mi; 46.5 km2,"9,525 per sq mi; 3,677 km−2"
135,Fort Lauderdale,Florida,"Fort Lauderdale,Florida","176,013","165,521",6.34%,1,34.8 sq mi; 90.0 km2,"4,761 per sq mi; 1,838 km−2"
134,Providence,Rhode Island,"Providence,Rhode Island","179,154","178,042",0.62%,1,18.4 sq mi; 47.7 km2,"9,676 per sq mi; 3,736 km−2"
133,Santa Clarita,California,"Santa Clarita,California","181,557","176,320",2.97%,1,52.7 sq mi; 136.5 km2,"3,345 per sq mi; 1,291 km−2"
132,Newport News,Virginia,"Newport News,Virginia","182,965","180,719",1.24%,1,68.7 sq mi; 178.0 km2,"2,630 per sq mi; 1,015 km−2"
131,Worcester,Massachusetts,"Worcester,Massachusetts","183,016","181,045",1.09%,1,37.4 sq mi; 96.8 km2,"4,845 per sq mi; 1,870 km−2"
130,Brownsville,Texas,"Brownsville,Texas","183,046","175,023",4.58%,1,132.3 sq mi; 342.7 km2,"1,323 per sq mi; 511 km−2"
129,Knoxville,Tennessee,"Knoxville,Tennessee","184,281","178,874",3.02%,1,98.5 sq mi; 255.2 km2,"1,816 per sq mi; 701 km−2"
128,Overland Park,Kansas,"Overland Park,Kansas","184,525","173,372",6.43%,1,74.8 sq mi; 193.8 km2,"2,317 per sq mi; 894 km−2"
127,Grand Prairie,Texas,"Grand Prairie,Texas","185,453","175,396",5.73%,1,72.1 sq mi; 186.8 km2,"2,433 per sq mi; 939 km−2"
126,Tallahassee,Florida,"Tallahassee,Florida","188,107","181,376",3.71%,1,100.2 sq mi; 259.6 km2,"1,809 per sq mi; 699 km−2"
125,Huntsville,Alabama,"Huntsville,Alabama","188,226","180,105",4.51%,1,209.1 sq mi; 541.4 km2,862 per sq mi; 333 km−2
124,Salt Lake City,Utah,"Salt Lake City,Utah","190,884","186,440",2.38%,1,111.1 sq mi; 287.8 km2,"1,678 per sq mi; 648 km−2"
123,Grand Rapids,Michigan,"Grand Rapids,Michigan","193,792","188,040",3.06%,1,44.4 sq mi; 115.0 km2,"4,236 per sq mi; 1,635 km−2"
122,Mobile,Alabama,"Mobile,Alabama","194,675","195,111",-0.22%,0,139.1 sq mi; 360.3 km2,"1,403 per sq mi; 542 km−2"
121,Augusta,Georgia,"Augusta,Georgia","196,741","195,844",0.46%,1,302.5 sq mi; 783.4 km2,647 per sq mi; 250 km−2
120,Amarillo,Texas,"Amarillo,Texas","197,254","190,695",3.44%,1,99.5 sq mi; 257.6 km2,"1,917 per sq mi; 740 km−2"
119,Little Rock,Arkansas,"Little Rock,Arkansas","197,706","193,524",2.16%,1,119.2 sq mi; 308.7 km2,"1,624 per sq mi; 627 km−2"
118,Akron,Ohio,"Akron,Ohio","197,859","199,110",-0.63%,0,62.0 sq mi; 160.7 km2,"3,210 per sq mi; 1,239 km−2"
117,Shreveport,Louisiana,"Shreveport,Louisiana","198,242","199,311",-0.54%,0,105.4 sq mi; 272.9 km2,"1,891 per sq mi; 730 km−2"
116,Glendale,California,"Glendale,California","200,167","191,719",4.41%,1,30.5 sq mi; 78.9 km2,"6,295 per sq mi; 2,431 km−2"
115,Aurora,Illinois,"Aurora,Illinois","200,456","197,899",1.29%,1,44.9 sq mi; 116.4 km2,"4,404 per sq mi; 1,700 km−2"
114,Montgomery,Alabama,"Montgomery,Alabama","200,481","205,764",-2.57%,0,159.6 sq mi; 413.3 km2,"1,290 per sq mi; 498 km−2"
113,Yonkers,New York,"Yonkers,New York","200,667","195,976",2.39%,1,18.0 sq mi; 46.7 km2,"10,880 per sq mi; 4,201 km−2"
112,Huntington Beach,California,"Huntington Beach,California","200,809","189,992",5.69%,1,26.7 sq mi; 69.3 km2,"7,103 per sq mi; 2,742 km−2"
111,Columbus,Georgia,"Columbus,Georgia","200,887","189,885",5.79%,1,216.4 sq mi; 560.4 km2,878 per sq mi; 339 km−2
110,Moreno Valley,California,"Moreno Valley,California","202,976","193,365",4.97%,1,51.3 sq mi; 132.8 km2,"3,771 per sq mi; 1,456 km−2"
109,Fayetteville,North Carolina,"Fayetteville,North Carolina","203,948","200,564",1.69%,1,145.8 sq mi; 377.7 km2,"1,375 per sq mi; 531 km−2"
108,Fontana,California,"Fontana,California","204,950","196,069",4.53%,1,42.4 sq mi; 109.9 km2,"4,621 per sq mi; 1,784 km−2"
107,Tacoma,Washington,"Tacoma,Washington","205,159","198,397",3.41%,1,49.7 sq mi; 128.8 km2,"3,990 per sq mi; 1,541 km−2"
106,Oxnard,California,"Oxnard,California","205,437","197,899",3.81%,1,26.9 sq mi; 69.7 km2,"7,358 per sq mi; 2,841 km−2"
105,Des Moines,Iowa,"Des Moines,Iowa","209,220","203,433",2.84%,1,80.9 sq mi; 209.5 km2,"2,516 per sq mi; 971 km−2"
104,Modesto,California,"Modesto,California","209,286","201,165",4.04%,1,36.9 sq mi; 95.5 km2,"5,456 per sq mi; 2,107 km−2"
103,Rochester,New York,"Rochester,New York","209,983","210,565",-0.28%,0,35.8 sq mi; 92.7 km2,"5,885 per sq mi; 2,272 km−2"
102,Spokane,Washington,"Spokane,Washington","212,052","208,916",1.50%,1,59.2 sq mi; 153.4 km2,"3,526 per sq mi; 1,361 km−2"
101,Birmingham,Alabama,"Birmingham,Alabama","212,247","212,237",0.00%,0,146.1 sq mi; 378.3 km2,"1,453 per sq mi; 561 km−2"
100,San Bernardino,California,"San Bernardino,California","215,213","209,924",2.52%,1,59.2 sq mi; 153.3 km2,"3,546 per sq mi; 1,369 km−2"
99,Boise,Idaho,"Boise,Idaho","216,282","205,671",5.16%,1,79.4 sq mi; 205.56 km2,"2,592 per sq mi; 1,001 km−2"
98,Richmond,Virginia,"Richmond,Virginia","217,853","204,214",6.68%,1,59.8 sq mi; 154.9 km2,"3,415 per sq mi; 1,318 km−2"
97,Fremont,California,"Fremont,California","228,758","214,089",6.85%,1,77.5 sq mi; 200.6 km2,"2,764 per sq mi; 1,067 km−2"
96,Baton Rouge,Louisiana,"Baton Rouge,Louisiana","228,895","229,493",-0.26%,0,76.9 sq mi; 199.3 km2,"2,982 per sq mi; 1,152 km−2"
95,Scottsdale,Arizona,"Scottsdale,Arizona","230,512","217,385",6.04%,1,183.9 sq mi; 476.4 km2,"1,182 per sq mi; 456 km−2"
94,North Las Vegas,Nevada,"North Las Vegas,Nevada","230,788","216,961",6.37%,1,101.3 sq mi; 262.5 km2,"2,141 per sq mi; 827 km−2"
93,Irving,Texas,"Irving,Texas","232,406","216,290",7.45%,1,67.0 sq mi; 173.6 km2,"3,227 per sq mi; 1,246 km−2"
92,Chesapeake,Virginia,"Chesapeake,Virginia","233,371","222,209",5.02%,1,340.8 sq mi; 882.7 km2,652 per sq mi; 252 km−2
91,Garland,Texas,"Garland,Texas","235,501","226,876",3.80%,1,57.1 sq mi; 147.8 km2,"3,974 per sq mi; 1,535 km−2"
90,Hialeah,Florida,"Hialeah,Florida","235,563","224,669",4.85%,1,21.5 sq mi; 55.6 km2,"10,474 per sq mi; 4,044 km−2"
89,Reno,Nevada,"Reno,Nevada","236,995","225,221",5.23%,1,103.0 sq mi; 266.8 km2,"2,186 per sq mi; 844 km−2"
88,Glendale,Arizona,"Glendale,Arizona","237,517","226,721",4.76%,1,60.0 sq mi; 155.3 km2,"3,780 per sq mi; 1,460 km−2"
87,Winston–Salem,North Carolina,"Winston–Salem,North Carolina","239,269","229,617",4.20%,1,132.4 sq mi; 343.0 km2,"1,734 per sq mi; 669 km−2"
86,Gilbert,Arizona,"Gilbert,Arizona","239,277","208,453",14.79%,2,68.0 sq mi; 176.0 km2,"3,067 per sq mi; 1,184 km−2"
85,Lubbock,Texas,"Lubbock,Texas","243,839","229,573",6.21%,1,122.4 sq mi; 317.0 km2,"1,875 per sq mi; 724 km−2"
84,Norfolk,Virginia,"Norfolk,Virginia","245,428","242,803",1.08%,1,54.1 sq mi; 140.2 km2,"4,486 per sq mi; 1,732 km−2"
83,Madison,Wisconsin,"Madison,Wisconsin","245,691","233,209",5.35%,1,76.8 sq mi; 198.9 km2,"3,037 per sq mi; 1,173 km−2"
82,Irvine,California,"Irvine,California","248,531","212,375",17.02%,2,66.1 sq mi; 171.2 km2,"3,213 per sq mi; 1,240 km−2"
81,Durham,North Carolina,"Durham,North Carolina","251,893","228,330",10.32%,2,107.4 sq mi; 278.1 km2,"2,127 per sq mi; 821 km−2"
80,Laredo,Texas,"Laredo,Texas","252,309","236,091",6.87%,1,88.9 sq mi; 230.3 km2,"2,655 per sq mi; 1,025 km−2"
79,St. Petersburg,Florida,"St. Petersburg,Florida","253,693","244,769",3.65%,1,61.7 sq mi; 159.9 km2,"3,964 per sq mi; 1,531 km−2"
78,Chandler,Arizona,"Chandler,Arizona","254,276","236,123",7.69%,1,64.4 sq mi; 166.8 km2,"3,666 per sq mi; 1,415 km−2"
77,Fort Wayne,Indiana,"Fort Wayne,Indiana","258,522","253,691",1.90%,1,110.6 sq mi; 286.5 km2,"2,293 per sq mi; 885 km−2"
76,Buffalo,New York,"Buffalo,New York","258,703","261,310",-1.00%,0,40.4 sq mi; 104.6 km2,"6,471 per sq mi; 2,498 km−2"
75,Chula Vista,California,"Chula Vista,California","260,988","243,916",7.00%,1,49.6 sq mi; 128.5 km2,"4,915 per sq mi; 1,898 km−2"
74,Jersey City,New Jersey,"Jersey City,New Jersey","262,146","247,597",5.88%,1,14.8 sq mi; 38.3 km2,"16,737 per sq mi; 6,462 km−2"
73,Orlando,Florida,"Orlando,Florida","262,372","238,300",10.10%,2,102.4 sq mi; 265.2 km2,"2,327 per sq mi; 899 km−2"
72,Lincoln,Nebraska,"Lincoln,Nebraska","272,996","258,379",5.66%,1,89.1 sq mi; 230.8 km2,"2,899 per sq mi; 1,119 km−2"
71,Henderson,Nevada,"Henderson,Nevada","277,440","257,729",7.65%,1,107.7 sq mi; 279.0 km2,"2,392 per sq mi; 924 km−2"
70,Plano,Texas,"Plano,Texas","278,480","259,841",7.17%,1,71.6 sq mi; 185.4 km2,"3,630 per sq mi; 1,402 km−2"
69,Newark,New Jersey,"Newark,New Jersey","280,579","277,140",1.24%,1,24.2 sq mi; 62.6 km2,"11,458 per sq mi; 4,424 km−2"
68,Toledo,Ohio,"Toledo,Ohio","281,031","287,208",-2.15%,0,80.7 sq mi; 209.0 km2,"3,559 per sq mi; 1,374 km−2"
67,Greensboro,North Carolina,"Greensboro,North Carolina","282,586","269,666",4.79%,1,126.5 sq mi; 327.7 km2,"2,131 per sq mi; 823 km−2"
66,Saint Paul,Minnesota,"Saint Paul,Minnesota","297,640","285,068",4.41%,1,52.0 sq mi; 134.6 km2,"5,484 per sq mi; 2,118 km−2"
65,Cincinnati,Ohio,"Cincinnati,Ohio","298,165","296,943",0.41%,1,77.9 sq mi; 201.9 km2,"3,810 per sq mi; 1,471 km−2"
64,Anchorage,Alaska,"Anchorage,Alaska","301,010","291,826",3.15%,1,"1,704.7 sq mi; 4,415.1 km2",171 per sq mi; 66 km−2
63,Stockton,California,"Stockton,California","302,389","291,707",3.66%,1,61.7 sq mi; 159.7 km2,"4,730 per sq mi; 1,826 km−2"
62,Pittsburgh,Pennsylvania,"Pittsburgh,Pennsylvania","305,412","305,704",-0.10%,0,55.4 sq mi; 143.4 km2,"5,521 per sq mi; 2,132 km−2"
61,Lexington,Kentucky,"Lexington,Kentucky","310,797","295,803",5.07%,1,283.6 sq mi; 734.6 km2,"1,043 per sq mi; 403 km−2"
60,St. Louis,Missouri,"St. Louis,Missouri","317,419","319,294",-0.59%,0,61.9 sq mi; 160.3 km2,"5,157 per sq mi; 1,991 km−2"
59,Riverside,California,"Riverside,California","319,504","303,871",5.14%,1,81.1 sq mi; 210.2 km2,"3,745 per sq mi; 1,446 km−2"
58,Corpus Christi,Texas,"Corpus Christi,Texas","320,434","305,215",4.99%,1,160.6 sq mi; 416.0 km2,"1,900 per sq mi; 734 km−2"
57,Santa Ana,California,"Santa Ana,California","334,909","324,528",3.20%,1,27.3 sq mi; 70.6 km2,"11,901 per sq mi; 4,595 km−2"
56,Anaheim,California,"Anaheim,California","346,997","336,265",3.19%,1,49.8 sq mi; 129.1 km2,"6,748 per sq mi; 2,605 km−2"
55,Honolulu,Hawaii,"Honolulu,Hawaii","350,399","337,256",3.90%,1,60.5 sq mi; 156.7 km2,"5,573 per sq mi; 2,152 km−2"
54,Aurora,Colorado,"Aurora,Colorado","353,108","325,078",8.62%,1,154.1 sq mi; 369.1 km2,"2,110 per sq mi; 881 km−2"
53,Tampa,Florida,"Tampa,Florida","358,699","335,709",6.85%,1,113.4 sq mi; 293.7 km2,"3,077 per sq mi; 1,182 km−2"
52,Bakersfield,California,"Bakersfield,California","368,759","347,483",6.12%,1,142.2 sq mi; 368.2 km2,"2,444 per sq mi; 944 km−2"
51,Arlington,Texas,"Arlington,Texas","383,204","365,438",4.86%,1,95.9 sq mi; 248.3 km2,"3,811 per sq mi; 1,472 km−2"
50,New Orleans,Louisiana,"New Orleans,Louisiana","384,320","343,829",11.78%,2,169.4 sq mi; 438.8 km2,"2,029 per sq mi; 784 km−2"
49,Wichita,Kansas,"Wichita,Kansas","388,413","382,368",1.58%,1,159.3 sq mi; 412.6 km2,"2,400 per sq mi; 927 km−2"
48,Cleveland,Ohio,"Cleveland,Ohio","389,521","396,815",-1.84%,0,77.7 sq mi; 201.2 km2,"5,107 per sq mi; 1,972 km−2"
47,Tulsa,Oklahoma,"Tulsa,Oklahoma","399,682","391,906",1.98%,1,196.8 sq mi; 509.6 km2,"1,992 per sq mi; 769 km−2"
46,Minneapolis,Minnesota,"Minneapolis,Minnesota","407,207","382,578",6.44%,1,54.0 sq mi; 139.8 km2,"7,088 per sq mi; 2,737 km−2"
45,Oakland,California,"Oakland,California","413,775","390,724",5.90%,1,55.9 sq mi; 144.8 km2,"7,004 per sq mi; 2,704 km−2"
44,Miami,Florida,"Miami,Florida","430,332","399,457",7.73%,1,35.9 sq mi; 92.9 km2,"11,539 per sq mi; 4,455 km−2"
43,Raleigh,North Carolina,"Raleigh,North Carolina","439,896","403,892",8.91%,1,142.9 sq mi; 370.1 km2,"2,826 per sq mi; 1,091 km−2"
42,Colorado Springs,Colorado,"Colorado Springs,Colorado","445,830","416,427",7.06%,1,194.5 sq mi; 503.9 km2,"2,141 per sq mi; 826 km−2"
41,Omaha,Nebraska,"Omaha,Nebraska","446,599","408,958",9.20%,1,127.1 sq mi; 329.2 km2,"3,218 per sq mi; 1,242 km−2"
40,Virginia Beach,Virginia,"Virginia Beach,Virginia","450,980","437,994",2.96%,1,249.0 sq mi; 644.9 km2,"1,759 per sq mi; 679 km−2"
39,Atlanta,Georgia,"Atlanta,Georgia","456,002","420,003",8.57%,1,133.2 sq mi; 344.9 km2,"3,154 per sq mi; 1,218 km−2"
38,Mesa,Arizona,"Mesa,Arizona","464,704","439,041",5.85%,1,136.5 sq mi; 353.4 km2,"3,218 per sq mi; 1,242 km−2"
37,Kansas City,Missouri,"Kansas City,Missouri","470,800","459,787",2.40%,1,315.0 sq mi; 815.7 km2,"1,460 per sq mi; 564 km−2"
36,Long Beach,California,"Long Beach,California","473,577","462,257",2.45%,1,50.3 sq mi; 130.3 km2,"9,191 per sq mi; 3,549 km−2"
35,Sacramento,California,"Sacramento,California","485,199","466,488",4.01%,1,97.9 sq mi; 253.6 km2,"4,764 per sq mi; 1,839 km−2"
34,Fresno,California,"Fresno,California","515,986","494,665",4.31%,1,113.2 sq mi; 293.2 km2,"4,418 per sq mi; 1,706 km−2"
33,Tucson,Arizona,"Tucson,Arizona","527,972","520,116",1.51%,1,226.7 sq mi; 587.2 km2,"2,294 per sq mi; 886 km−2"
32,Albuquerque,New Mexico,"Albuquerque,New Mexico","557,169","545,852",2.07%,1,187.7 sq mi; 486.2 km2,"2,908 per sq mi; 1,123 km−2"
31,Milwaukee,Wisconsin,"Milwaukee,Wisconsin","599,642","594,833",0.81%,1,96.1 sq mi; 249.0 km2,"6,188 per sq mi; 2,389 km−2"
30,Louisville,Kentucky,"Louisville,Kentucky","612,780","597,337",2.59%,1,325.2 sq mi; 842.4 km2,"1,837 per sq mi; 709 km−2"
29,Las Vegas,Nevada,"Las Vegas,Nevada","613,599","583,756",5.11%,1,135.8 sq mi; 351.8 km2,"4,298 per sq mi; 1,660 km−2"
28,Portland,Oregon,"Portland,Oregon","619,360","583,776",6.10%,1,133.4 sq mi; 345.6 km2,"4,375 per sq mi; 1,689 km−2"
27,Oklahoma City,Oklahoma,"Oklahoma City,Oklahoma","620,602","579,999",7.00%,1,"606.4 sq mi; 1,570.6 km2",956 per sq mi; 369 km−2
26,Baltimore,Maryland,"Baltimore,Maryland","622,793","620,961",0.30%,1,80.9 sq mi; 209.6 km2,"7,672 per sq mi; 2,962 km−2"
25,Nashville,Tennessee,"Nashville,Tennessee","644,014","601,222",7.12%,1,"475.1 sq mi; 1,230.8 km2","1,265 per sq mi; 489 km−2"
24,Boston,Massachusetts,"Boston,Massachusetts","655,884","617,594",6.20%,1,48.3 sq mi; 125.0 km2,"12,793 per sq mi; 4,939 km−2"
23,Memphis,Tennessee,"Memphis,Tennessee","656,861","646,889",1.54%,1,315.1 sq mi; 816.0 km2,"2,053 per sq mi; 793 km−2"
22,Washington,District of Columbia,"Washington,District of Columbia","658,893","601,723",9.50%,1,61.0 sq mi; 158.1 km2,"9,856 per sq mi; 3,806 km−2"
21,Denver,Colorado,"Denver,Colorado","663,862","600,158",10.61%,2,153.0 sq mi; 396.3 km2,"3,923 per sq mi; 1,515 km−2"
20,Seattle,Washington,"Seattle,Washington","668,342","608,660",9.81%,1,83.9 sq mi; 217.4 km2,"7,251 per sq mi; 2,800 km−2"
19,El Paso,Texas,"El Paso,Texas","679,036","649,121",4.61%,1,255.2 sq mi; 661.1 km2,"2,543 per sq mi; 982 km−2"
18,Detroit,Michigan,"Detroit,Michigan","680,250","713,777",-4.70%,0,138.8 sq mi; 359.4 km2,"5,144 per sq mi; 1,986 km−2"
17,Charlotte,North Carolina,"Charlotte,North Carolina","809,958","731,424",10.74%,2,297.7 sq mi; 771.0 km2,"2,457 per sq mi; 949 km−2"
16,Fort Worth,Texas,"Fort Worth,Texas","812,238","741,206",9.58%,1,339.8 sq mi; 880.1 km2,"2,181 per sq mi; 842 km−2"
15,Columbus,Ohio,"Columbus,Ohio","835,957","787,033",6.22%,1,217.2 sq mi; 562.5 km2,"3,624 per sq mi; 1,399 km−2"
14,Indianapolis,Indiana,"Indianapolis,Indiana","848,788","820,445",3.45%,1,361.4 sq mi; 936.1 km2,"2,270 per sq mi; 876 km−2"
13,San Francisco,California,"San Francisco,California","852,469","805,235",5.87%,1,46.9 sq mi; 121.4 km2,"17,179 per sq mi; 6,633 km−2"
12,Jacksonville,Florida,"Jacksonville,Florida","853,382","821,784",3.85%,1,"747.0 sq mi; 1,934.7 km2","1,120 per sq mi; 433 km−2"
11,Austin,Texas,"Austin,Texas","912,791","790,390",15.49%,2,322.48 sq mi; 835.2 km2,"2,653 per sq mi; 1,024 km−2"
10,San Jose,California,"San Jose,California","1,015,785","945,942",7.38%,1,176.6 sq mi; 457.3 km2,"5,359 per sq mi; 2,069 km−2"
9,Dallas,Texas,"Dallas,Texas","1,281,047","1,197,816",6.95%,1,340.5 sq mi; 881.9 km2,"3,518 per sq mi; 1,358 km−2"
8,San Diego,California,"San Diego,California","1,381,069","1,307,402",5.63%,1,325.2 sq mi; 842.2 km2,"4,020 per sq mi; 1,552 km−2"
7,San Antonio,Texas,"San Antonio,Texas","1,436,697","1,327,407",8.23%,1,"460.9 sq mi; 1,193.8 km2","2,880 per sq mi; 1,112 km−2"
6,Phoenix,Arizona,"Phoenix,Arizona","1,537,058","1,445,632",6.32%,1,"516.7 sq mi; 1,338.3 km2","2,798 per sq mi; 1,080 km−2"
5,Philadelphia,Pennsylvania,"Philadelphia,Pennsylvania","1,560,297","1,526,006",2.25%,1,134.1 sq mi; 347.3 km2,"11,379 per sq mi; 4,394 km−2"
4,Houston,Texas,"Houston,Texas","2,239,558","2,100,263",6.63%,1,"599.6 sq mi; 1,552.9 km2","3,501 per sq mi; 1,352 km−2"
3,Chicago,Illinois,"Chicago,Illinois","2,722,389","2,695,598",0.99%,1,227.6 sq mi; 589.6 km2,"11,842 per sq mi; 4,572 km−2"
2,Los Angeles,California,"Los Angeles,California","3,928,864","3,792,621",3.59%,1,"468.7 sq mi; 1,213.9 km2","8,092 per sq mi; 3,124 km−2"
1,New York City,New York,"New York City,New York","8,491,079","8,175,133",3.86%,1,302.6 sq mi; 783.8 km2,"27,012 per sq mi; 10,430 km−2"